Genero,Deporte
Masculino,Tenis
Femenino,Baloncesto
Masculino,Baloncesto
Masculino,Baloncesto
Masculino,Baloncesto
Femenino,Baloncesto
Masculino,Baloncesto
Masculino,Tenis
Masculino,Tenis
Femenino,Baloncesto
Masculino,Tenis
Masculino,Fútbol
Masculino,Baloncesto
Masculino,Fútbol
Femenino,Fútbol
Masculino,Baloncesto
Femenino,Tenis
Femenino,Fútbol
Femenino,Baloncesto
Masculino,Fútbol
Femenino,Fútbol
Masculino,Fútbol
Femenino,Fútbol
Femenino,Tenis
Femenino,Fútbol
Femenino,Fútbol
Femenino,Fútbol
Femenino,Tenis
Femenino,Fútbol
Femenino,Fútbol
Masculino,Tenis
Masculino,Tenis
Femenino,Tenis
Femenino,Fútbol
Femenino,Tenis
Masculino,Tenis
Femenino,Fútbol
Masculino,Tenis
Masculino,Fútbol
Masculino,Baloncesto
Masculino,Tenis
Masculino,Baloncesto
Femenino,Fútbol
Femenino,Tenis
Femenino,Fútbol
Femenino,Baloncesto
Femenino,Fútbol
Masculino,Tenis
Femenino,Tenis
Femenino,Baloncesto
Masculino,Fútbol
Femenino,Tenis
Masculino,Baloncesto
Femenino,Tenis
Masculino,Tenis
Femenino,Fútbol
Femenino,Tenis
Masculino,Fútbol
Masculino,Tenis
Masculino,Baloncesto
Masculino,Tenis
Masculino,Fútbol
Masculino,Fútbol
Masculino,Baloncesto
Masculino,Tenis
Femenino,Tenis
Femenino,Baloncesto
Masculino,Tenis
Femenino,Tenis
Femenino,Fútbol
Femenino,Tenis
Femenino,Tenis
Masculino,Baloncesto
Femenino,Baloncesto
Masculino,Fútbol
Femenino,Tenis
Femenino,Tenis
Femenino,Tenis
Masculino,Fútbol
Femenino,Fútbol
Masculino,Baloncesto
Femenino,Fútbol
Masculino,Tenis
Femenino,Tenis
Masculino,Fútbol
Masculino,Tenis
Femenino,Tenis
Masculino,Fútbol
Femenino,Fútbol
Femenino,Tenis
Femenino,Tenis
Femenino,Tenis
Femenino,Baloncesto
Femenino,Baloncesto
Femenino,Baloncesto
Femenino,Fútbol
Femenino,Baloncesto
Femenino,Fútbol
Femenino,Fútbol
Masculino,Baloncesto
